{
  "eye": {
    "orientation": [
      0.5565060973167419,
      -0.2397816777229309,
      -0.7771080136299133,
      -0.17002640664577484
    ],
    "magnitude": 0.5773502588272095,
    "position": [
      -744.4100952148438,
      632.59130859375,
      242.61819458007812
    ]
  },
  "radius": 1300,
  "type": "PERSPECTIVE"
}