{
  "eye": {
    "orientation": [
      0.06266862154006958,
      0.08113816380500793,
      0.01182776689529419,
      0.9946604371070862
    ],
    "magnitude": 0.20252221822738647,
    "position": [
      14.009119987487793,
      -26.973073959350586,
      307.89105224609375
    ]
  },
  "radius": 333,
  "type": "ORTHOGRAPHIC"
}